{
  "version": 6,
  "serviceName": "Incidents Service",
  "serviceCode": "IncidentsService",
  "serviceEndpoint": "",
  "entities": [
    {
      "operation": "Update",
      "code": "Incidents",
      "name": "Incidents",
      "file": "entities/Incidents.json",
      "workflowCode": "IncidentRegistrationProcess"
    },
    {
      "operation": "Update",
      "code": "IncidentsCategory",
      "name": "Incidents Category",
      "file": "entities/IncidentsCategory.json"
    }
  ],
  "forms": [
    {
      "operation": "Update",
      "code": "IncidentsForm",
      "name": "Incidents Form",
      "file": "forms/IncidentsForm.json"
    },
    {
      "operation": "Update",
      "code": "IncidentsDetailsForm",
      "name": "Incidents Details Form",
      "file": "forms/IncidentsDetailsForm.json"
    }
  ],
  "workflows": [
    {
      "operation": "Add",
      "code": "IncidentRegistrationProcess",
      "name": "Incident Registration Process",
      "file": "workflows/IncidentRegistrationProcess.bpmn"
    }
  ]
}