{
    "$schema": "http://json-schema.org/draft-07/schema#",
    "type": "object",
    "title": "Incidents",
    "properties": {
        "id": {
            "systemType": "system",
            "disabled": false,
            "type": "string",
            "maxLength": 450,
            "pattern": "[0-9a-f]{8}-[0-9a-f]{4}-[0-9a-f]{4}-[0-9a-f]{4}-[0-9a-f]{12}"
        },
        "number": {
            "systemType": "system",
            "disabled": false,
            "type": "integer"
        },
        "reporterFullName": {
            "systemType": "system",
            "disabled": false,
            "type": "string",
            "maxLength": 150
        },
        "reporterIdNumber": {
            "systemType": "system",
            "disabled": false,
            "type": "string",
            "maxLength": 20
        },
        "reporterMobile": {
            "systemType": "system",
            "disabled": false,
            "type": "string",
            "maxLength": 20
        },
        "details": {
            "systemType": "system",
            "disabled": false,
            "type": "string",
            "maxLength": 500
        },
        "severityLevel": {
            "systemType": "system",
            "disabled": false,
            "type": "integer"
        },
        "categoryId": {
            "systemType": "system",
            "disabled": false,
            "type": "integer"
        },
        "cityId": {
            "systemType": "system",
            "disabled": false,
            "type": "integer"
        },
        "districtId": {
            "systemType": "system",
            "disabled": false,
            "type": "integer"
        },
        "streetAddress": {
            "systemType": "system",
            "disabled": false,
            "type": "string",
            "maxLength": 500
        },
        "facilityName": {
            "systemType": "system",
            "disabled": false,
            "type": "string",
            "maxLength": 100
        },
        "facilityId": {
            "systemType": "system",
            "disabled": false,
            "type": "string",
            "maxLength": 500,
            "pattern": "[0-9a-f]{8}-[0-9a-f]{4}-[0-9a-f]{4}-[0-9a-f]{4}-[0-9a-f]{12}"
        },
        "comments": {
            "systemType": "system",
            "disabled": false,
            "type": "string",
            "maxLength": 500
        },
        "status": {
            "systemType": "system",
            "disabled": false,
            "type": "string",
            "maxLength": 50
        },
        "incidentCreationTime": {
            "systemType": "system",
            "disabled": false,
            "type": "string",
            "pattern": "^([1-9]|(0|1|2)[0-9]|30)(\\/)([1-9]|1[0-2]|0[1-9])(\\/)([0-9]{4})$"
        },
        "recorededByUserId": {
            "systemType": "system",
            "disabled": false,
            "type": "string",
            "maxLength": 500
        },
        "inspectionDate": {
            "systemType": "system",
            "disabled": false,
            "type": "string",
            "pattern": "^([1-9]|(0|1|2)[0-9]|30)(\\/)([1-9]|1[0-2]|0[1-9])(\\/)([0-9]{4})$"
        },
        "inspectorName": {
            "systemType": "system",
            "disabled": false,
            "type": "string",
            "maxLength": 150
        },
        "cityName": {
            "systemType": "system",
            "disabled": false,
            "type": "string",
            "maxLength": 150
        },
        "districtName": {
            "systemType": "system",
            "disabled": false,
            "type": "string",
            "maxLength": 150
        }
    },
    "required": [
        "id",
        "reporterFullName",
        "reporterIdNumber",
        "reporterMobile",
        "details",
        "severityLevel",
        "streetAddress",
        "comments",
        "status",
        "incidentCreationTime",
        "inspectionDate"
    ]
}