{
    "$schema": "http://json-schema.org/draft-07/schema#",
    "type": "object",
    "title": "Incidents Category",
    "properties": {
        "name": {
            "systemType": "system",
            "disabled": false,
            "type": "string",
            "maxLength": 150
        },
        "isRelatedToInspection": {
            "systemType": "system",
            "disabled": false,
            "type": "boolean"
        }
    },
    "required": [
        "name",
        "isRelatedToInspection"
    ]
}