{
  "version": 11,
  "serviceName": "Inspection Process Service",
  "serviceCode": "InspectionProcessService",
  "serviceEndpoint": "",
  "entities": [
    {
      "operation": "Add",
      "code": "InspectionProcess",
      "name": "Inspection Process",
      "file": "entities/InspectionProcess.json",
      "workflowCode": "ManualInspectionProcess"
    }
  ],
  "forms": [
    {
      "operation": "Update",
      "code": "InspectionProcessForm",
      "name": "Inspection Process Form",
      "file": "forms/InspectionProcessForm.json"
    }
  ],
  "workflows": [
    {
      "operation": "Update",
      "code": "ManualInspectionProcess",
      "name": "Manual Inspection Process",
      "file": "workflows/ManualInspectionProcess.bpmn"
    },
    {
      "operation": "Update",
      "code": "AutomaticInspectionProcess",
      "name": "Automatic Inspection Process",
      "file": "workflows/AutomaticInspectionProcess.bpmn"
    },
    {
      "operation": "Update",
      "code": "CloseFollowupInspectionProcess",
      "name": "Close Followup Inspection Process",
      "file": "workflows/CloseFollowupInspectionProcess.bpmn"
    },
    {
      "operation": "Update",
      "code": "IncidentInspectionProcess",
      "name": "Incident Inspection Process",
      "file": "workflows/IncidentInspectionProcess.bpmn"
    },
    {
      "operation": "Update",
      "code": "UnlicensedInspectionProcess",
      "name": "Unlicensed Inspection Process",
      "file": "workflows/UnlicensedInspectionProcess.bpmn"
    }
  ]
}