{
  "version": 1,
  "serviceName": "Lookup Service",
  "serviceCode": "LookupService",
  "serviceEndpoint": "",
  "entities": [
    {
      "operation": "Add",
      "code": "Region",
      "name": "Region",
      "file": "entities/Region.json"
    },
    {
      "operation": "Add",
      "code": "City",
      "name": "City",
      "file": "entities/City.json"
    },
    {
      "operation": "Add",
      "code": "District",
      "name": "District",
      "file": "entities/District.json"
    },
	{
      "operation": "Add",
      "code": "Street",
      "name": "Street",
      "file": "entities/Street.json"
    },
    {
      "operation": "Add",
      "code": "Activity",
      "name": "Activity",
      "file": "entities/Activity.json"
    },
    {
      "operation": "Add",
      "code": "Specialization",
      "name": "Specialization",
      "file": "entities/Specialization.json"
    },
    {
      "operation": "Add",
      "code": "ProductCategory",
      "name": "Product Category",
      "file": "entities/ProductCategory.json"
    }
  ],
  "forms": [
  ]
}
