{
  "table": {
    "name": "InspectionCenterCoverage",
    "primaryKey": "Id",
    "columns": [{
        "type": "system",
        "dataType": "nvarchar",
        "isRequired": true,
        "maxLength": 36,
        "defaultValue": null,
        "autoIncrement": false,
        "displayInUI": false,
        "maxValue": 0,
        "minValue": 0,
        "disabled": false,
        "name": "Id"
      },
      {
        "type": "system",
        "dataType": "int",
        "isRequired": true,
        "maxLength": 0,
        "defaultValue": null,
        "autoIncrement": false,
        "displayInUI": true,
        "maxValue": 0,
        "minValue": 0,
        "disabled": false,
        "name": "CityId"
      },
      {
        "type": "system",
        "dataType": "int",
        "isRequired": true,
        "maxLength": 0,
        "defaultValue": null,
        "autoIncrement": false,
        "displayInUI": true,
        "maxValue": 0,
        "minValue": 0,
        "disabled": false,
        "name": "DistrictId"
      },
      {
        "type": "system",
        "dataType": "int",
        "isRequired": true,
        "maxLength": 0,
        "defaultValue": null,
        "autoIncrement": false,
        "displayInUI": false,
        "maxValue": 0,
        "minValue": 0,
        "disabled": false,
        "name": "InspectionCenterId"
      }
    ],
    "relations": [{
      "RelationType": "ManyToOne",
      "LocalProperty": "InspectionCenter",
      "RelationProperty": "InspectionCenterId",
      "DestinationEntity": "InspectionCenter",
      "DestinationEntityId": "Id"
    }],
    "indexes": []
  }
}
