{
  "table": {
      "name": "InspectionCenter",
      "primaryKey": "Id",
      "columns": [
      {
        "name": "Id",
        "type": "system",
        "dataType": "nvarchar",
        "isRequired": true,
        "maxLength": 36,
        "defaultValue": null,
        "autoIncrement": false,
        "displayInUI": false,
        "maxValue": 0,
        "minValue": 0,
        "disabled": false
      },
      {
        "name": "Name",
        "type": "system",
        "dataType": "nvarchar",
        "isRequired": true,
        "maxLength": 150,
        "defaultValue": null,
        "autoIncrement": false,
        "displayInUI": true,
        "maxValue": 0,
        "minValue": 0,
        "disabled": false
      },
      {
        "name": "RoleEmails",
        "type": "system",
        "dataType": "nvarchar",
        "isRequired": true,
        "maxLength": 150,
        "defaultValue": null,
        "autoIncrement": false,
        "displayInUI": true,
        "maxValue": 0,
        "minValue": 0,
        "disabled": false
      },
        {
          "name": "RefCode",
          "type": "system",
          "dataType": "nvarchar",
          "isRequired": false,
          "maxLength": 150,
          "defaultValue": null,
          "autoIncrement": false,
          "displayInUI": true,
          "maxValue": 0,
          "minValue": 0,
          "disabled": false
        }
    ],
      "relations": [{
          "RelationType": "OneToMany",
          "LocalProperty": "InspectionCenterCoverage",
          "RelationProperty": "InspectionCenterId",
          "DestinationEntity": "InspectionCenterCoverage",
          "DestinationEntityId": "Id"
      }],
      "indexes": []
  }
}