{
  "table": {
    "name": "RoleEmails",
    "primaryKey": "Id",
    "columns": [{
      "type": "system",
      "dataType": "nvarchar",
      "isRequired": true,
      "maxLength": 36,
      "defaultValue": null,
      "autoIncrement": false,
      "displayInUI": false,
      "maxValue": 0,
      "minValue": 0,
      "disabled": false,
      "name": "Id"
    }, {
      "type": "system",
      "dataType": "nvarchar",
      "isRequired": true,
      "maxLength": 36,
      "defaultValue": null,
      "autoIncrement": false,
      "displayInUI": false,
      "maxValue": 0,
      "minValue": 0,
      "disabled": false,
      "name": "InspectionCenterId"
    }, {
      "type": "system",
      "dataType": "nvarchar",
      "isRequired": true,
      "maxLength": 100,
      "defaultValue": null,
      "autoIncrement": false,
      "displayInUI": true,
      "maxValue": 0,
      "minValue": 0,
      "disabled": false,
      "name": "Role"
    }, {
      "type": "system",
      "dataType": "nvarchar",
      "isRequired": true,
      "maxLength": 50,
      "defaultValue": null,
      "autoIncrement": false,
      "displayInUI": true,
      "maxValue": 0,
      "minValue": 0,
      "disabled": false,
      "name": "RoleEmail"
    }],
    "relations": [{
      "RelationType": "ManyToOne",
      "LocalProperty": "InspectionCenter",
      "RelationProperty": "InspectionCenterId",
      "DestinationEntity": "InspectionCenter",
      "DestinationEntityId": "Id"
    }],
    "indexes": []
  }
}