{
  "version": 7,
  "serviceName": "Inspection Center Service",
  "serviceCode": "InspectionCenterService",
  "serviceEndpoint": "",
  "entities": [
    {
      "operation": "Update",
      "code": "InspectionCenter",
      "name": "Inspection Center",
      "file": "entities/InspectionCenter.json"
    }
  ],
  "forms": [
    {
      "operation": "Update",
      "code": "InspectionCenterCreateForm",
      "name": "Inspection Center Create Form",
      "file": "forms/Create.json"
    }
  ]
}