{
  "$schema": "http://json-schema.org/draft-07/schema#",
  "type": "object",
  "title": "Facility Owner",
  "properties": {
    "name": {
      "systemType": "system",
      "type": "string",
      "maxLength": 150
    },
    "mobileNumber": {
      "systemType": "system",
      "type": "string",
      "maxLength": 14
    },
    "dateOfBirth": {
      "systemType": "system",
      "type": "string",
      "pattern": "^([1-9]|(0|1|2)[0-9]|30)(\\/)([1-9]|1[0-2]|0[1-9])(\\/)([0-9]{4})$"
    },
    "type": {
      "systemType": "system",
      "type": "integer"
    },
    "idType": {
      "systemType": "system",
      "type": "integer"
    },
    "idNumber": {
      "systemType": "system",
      "type": "string",
      "maxLength": 50
    },
    "ownerType": {
      "systemType": "system",
      "type": "integer"
    },
    "crNumber": {
      "systemType": "system",
      "type": "string",
      "maxLength": 15
    }
  },
  "required": [
    "name",
    "mobileNumber",
    "dateOfBirth",
    "type",
    "idType",
    "idNumber"
  ]
}