{
    "$schema": "http://json-schema.org/draft-07/schema#",
    "type": "object",
    "title": "Facility",
    "properties": {
        "name": {
            "systemType": "system",
            "disabled": false,
            "type": "string",
            "maxLength": 150
        },
        "facilityNameInLicense": {
            "systemType": "system",
            "disabled": false,
            "type": "string",
            "maxLength": 150
        },
        "computerNumber": {
            "systemType": "system",
            "disabled": false,
            "type": "string",
            "maxLength": 30
        },
        "facilityStatusId": {
            "systemType": "system",
            "disabled": false,
            "type": "integer"
        },
        "inspectionCenterId": {
            "systemType": "system",
            "disabled": false,
            "type": "string",
            "maxLength": 50,
            "pattern": "[0-9a-f]{8}-[0-9a-f]{4}-[0-9a-f]{4}-[0-9a-f]{4}-[0-9a-f]{12}"
        },
        "facilityArea": {
            "systemType": "system",
            "disabled": false,
            "type": "number"
        },
        "numberofEmployee": {
            "systemType": "system",
            "disabled": false,
            "type": "integer"
        },
        "longitude": {
            "systemType": "system",
            "disabled": false,
            "type": "number"
        },
        "latitude": {
            "systemType": "system",
            "disabled": false,
            "type": "number"
        },
        "street": {
            "systemType": "system",
            "disabled": false,
            "type": "string",
            "maxLength": 150
        },
        "facilityNumber": {
            "systemType": "system",
            "disabled": false,
            "type": "integer"
        },
        "LastInspectionDate": {
            "systemType": "system",
            "disabled": false,
            "type": "string",
            "pattern": "^([1-9]|(0|1|2)[0-9]|30)(\\/)([1-9]|1[0-2]|0[1-9])(\\/)([0-9]{4})$"
        },
        "region": {
            "systemType": "system",
            "disabled": false,
            "type": "string",
            "maxLength": 150
        },
        "facilityActivity": {
            "systemType": "system",
            "disabled": false,
            "type": "array",
            "items": {
                "type": "number"
            }
        },
        "isLicensed": {
            "systemType": "system",
            "disabled": false,
            "type": "boolean"
        },
        "isBaladiLicense": {
            "systemType": "system",
            "disabled": false,
            "type": "boolean"
        },
        "BaladiLicenseObj": {
            "systemType": "system",
            "disabled": false,
            "type": "string"
        }
    },
    "required": [
        "name",
        "facilityNameInLicense",
        "facilityStatusId",
        "inspectionCenterId",
        "facilityArea",
        "numberofEmployee",
        "isLicensed",
        "isBaladiLicense"
    ]
}