{
   "$schema": "http://json-schema.org/draft-07/schema#",
   "type": "object",
   "title": "Facility License",
   "properties": {
      "facilityLicenseTypeId": {
         "systemType": "system",
         "type": "integer"
      },
      "licenseIssuingAuthority": {
         "systemType": "system",
         "type": "string",
         "maxLength": 150
      },
      "licenseNumber": {
         "systemType": "system",
         "type": "integer"
      },
      "licenseIssueDate": {
         "systemType": "system",
         "type": "string"
      },
      "licenseEndDate": {
         "systemType": "system",
         "type": "string"
      }
   },
   "required": [
      "facilityLicenseTypeId",
      "licenseIssuingAuthority",
      "licenseNumber"
   ]
}