{
  "$schema": "http://json-schema.org/draft-07/schema#",
  "type": "object",
  "title": "Work Time",
  "properties": {
    "shiftDescription": {
      "systemType": "system",
      "type": "integer"
    },
    "days": {
      "systemType": "system",
      "type": "integer"
    },
    "fromTime": {
      "systemType": "system",
      "type": "string",
      "maxLength": 20
    },
    "toTime": {
      "systemType": "system",
      "type": "string",
      "maxLength": 20
    }
  },
  "required": [
    "shiftDescription",
    "days",
    "fromTime",
    "toTime"
  ]
}