{
    "$schema": "http://json-schema.org/draft-07/schema#",
    "type": "object",
    "title": "User",
    "$id": "User",
    "properties": {
        "id": {
            "systemType": "system",
            "disabled": false,
            "type": "string",
            "pattern": "[0-9a-f]{8}-[0-9a-f]{4}-[0-9a-f]{4}-[0-9a-f]{4}-[0-9a-f]{12}",
            "maxLength": 450
        },
        "fullName": {
            "systemType": "system",
            "disabled": false,
            "type": "string",
            "maxLength": 150
        },
        "idType": {
            "systemType": "system",
            "disabled": false,
            "type": "integer"
        },
        "idNumber": {
            "systemType": "system",
            "disabled": false,
            "type": "string",
            "maxLength": 15
        },
        "gender": {
            "systemType": "system",
            "disabled": false,
            "type": "integer"
        },
        "birthDate": {
            "systemType": "system",
            "disabled": false,
            "type": "string",
            "pattern": "^([1-9]|(0|1|2)[0-9]|30)(\\/)([1-9]|1[0-2]|0[1-9])(\\/)([0-9]{4})$"
        },
        "email": {
            "systemType": "system",
            "disabled": false,
            "type": "string",
            "maxLength": 150
        },
        "mobileNumber": {
            "systemType": "system",
            "disabled": false,
            "type": "string",
            "maxLength": 15
        },
        "jobTitle": {
            "systemType": "system",
            "disabled": false,
            "type": "string",
            "maxLength": 150
        },
        "status": {
            "systemType": "system",
            "disabled": false,
            "type": "integer"
        },
        "inspectionCenterId": {
            "systemType": "system",
            "disabled": false,
            "type": "integer"
        },
        "roleLevel": {
            "systemType": "system",
            "disabled": false,
            "type": "integer"
        },
        "inspectorCapacity": {
            "systemType": "system",
            "disabled": false,
            "type": "integer"
        },
        "userSpecialization": {
            "systemType": "system",
            "disabled": false,
            "type": "array",
            "items": {
                "type": "integer"
            },
            "maxLength": 30
        }
    },
    "required": [
        "id",
        "fullName",
        "idType",
        "idNumber",
        "birthDate",
        "email",
        "mobileNumber",
        "jobTitle",
        "status",
        "inspectionCenterId",
        "roleLevel"
    ]
}