{
  "table": {
    "name": "InspectionCategory",
    "primaryKey": "Id",
    "columns": [
      {
        "name": "Id",
        "type": "system",
        "dataType": "nvarchar",
        "isRequired": true,
        "maxLength": 36,
        "defaultValue": null,
        "autoIncrement": false,
        "displayInUI": false,
        "maxValue": 0,
        "minValue": 0,
        "disabled": false
      },
      {
        "name": "Name",
        "type": "system",
        "dataType": "nvarchar",
        "isRequired": true,
        "maxLength": 150,
        "defaultValue": null,
        "autoIncrement": false,
        "displayInUI": true,
        "maxValue": 0,
        "minValue": 0,
        "disabled": false
      },
      {
        "name": "Order",
        "type": "system",
        "dataType": "int",
        "isRequired": false,
        "maxLength": 500,
        "defaultValue": null,
        "autoIncrement": false,
        "displayInUI": true,
        "maxValue": 0,
        "minValue": 0,
        "disabled": false
      }
    ],
    "relations": [],
    "indexes": []
  }
}
