{
    "table": {
        "name": "InspectionItem",
        "primaryKey": "Id",
        "columns": [
            {
                "name": "Id",
                "type": "system",
                "dataType": "nvarchar",
                "isRequired": true,
                "maxLength": 36,
                "defaultValue": null,
                "autoIncrement": false,
                "displayInUI": false,
                "maxValue": 0,
                "minValue": 0,
                "disabled": false
            },
            {
                "name": "Name",
                "type": "system",
                "dataType": "nvarchar",
                "isRequired": true,
                "maxLength": 150,
                "defaultValue": null,
                "autoIncrement": false,
                "displayInUI": true,
                "maxValue": 0,
                "minValue": 0,
                "disabled": false
            },
            {
                "name": "ItemCode",
                "type": "system",
                "dataType": "nvarchar",
                "isRequired": true,
                "maxLength": 150,
                "defaultValue": null,
                "autoIncrement": false,
                "displayInUI": true,
                "maxValue": 0,
                "minValue": 0,
                "disabled": false
            },
            {
                "name": "IsItemDependent",
                "type": "system",
                "dataType": "boolean",
                "isRequired": true,
                "maxLength": 50,
                "defaultValue": null,
                "autoIncrement": false,
                "displayInUI": true,
                "maxValue": 0,
                "minValue": 0,
                "disabled": false
            },
            {
                "name": "ItemDependancyRule",
                "type": "system",
                "dataType": "nvarchar",
                "isRequired": true,
                "maxLength": 2000,
                "defaultValue": null,
                "autoIncrement": false,
                "displayInUI": true,
                "maxValue": 0,
                "minValue": 0,
                "disabled": false
            },
            {
                "name": "Description",
                "type": "system",
                "dataType": "nvarchar",
                "isRequired": false,
                "maxLength": 500,
                "defaultValue": null,
                "autoIncrement": false,
                "displayInUI": true,
                "maxValue": 0,
                "minValue": 0,
                "disabled": false
            },
            {
                "name": "CategoryId",
                "type": "system",
                "dataType": "int",
                "isRequired": true,
                "maxLength": 0,
                "defaultValue": null,
                "autoIncrement": false,
                "displayInUI": true,
                "maxValue": 0,
                "minValue": 0,
                "disabled": false
            },
            {
                "name": "RequireAttachment",
                "type": "system",
                "dataType": "nvarchar",
                "isRequired": false,
                "maxLength": 50,
                "defaultValue": null,
                "autoIncrement": false,
                "displayInUI": true,
                "maxValue": 0,
                "minValue": 0,
                "disabled": false
            },
            {
                "name": "RequireDetailComments",
                "type": "system",
                "dataType": "nvarchar",
                "isRequired": true,
                "maxLength": 50,
                "defaultValue": null,
                "autoIncrement": false,
                "displayInUI": true,
                "maxValue": 0,
                "minValue": 0,
                "disabled": false
            },
            {
                "name": "Guidelines",
                "type": "system",
                "dataType": "int",
                "isRequired": true,
                "maxLength": 2000,
                "defaultValue": null,
                "autoIncrement": false,
                "displayInUI": true,
                "maxValue": 0,
                "minValue": 0,
                "disabled": false
            },
            {
                "name": "Status",
                "type": "system",
                "dataType": "int",
                "isRequired": false,
                "maxLength": 0,
                "defaultValue": null,
                "autoIncrement": false,
                "displayInUI": true,
                "maxValue": 0,
                "minValue": 0,
                "disabled": false
            },
            {
                "name": "Order",
                "type": "system",
                "dataType": "int",
                "isRequired": false,
                "maxLength": 0,
                "defaultValue": null,
                "autoIncrement": false,
                "displayInUI": true,
                "maxValue": 0,
                "minValue": 0,
                "disabled": false
            },
            {
                "name": "RelatedViolationId",
                "type": "system",
                "dataType": "Guid",
                "isRequired": true,
                "maxLength": 0,
                "defaultValue": null,
                "autoIncrement": false,
                "displayInUI": true,
                "maxValue": 0,
                "minValue": 0,
                "disabled": false
            },
            {
                "name": "InspectionItemProcessType",
                "type": "system",
                "dataType": "int[]",
                "isRequired": true,
                "maxLength": 0,
                "defaultValue": null,
                "autoIncrement": false,
                "displayInUI": true,
                "maxValue": 0,
                "minValue": 0,
                "disabled": false
            },
            {
                "name": "InspectionItemType",
                "type": "system",
                "dataType": "nvarchar",
                "isRequired": true,
                "maxLength": 30,
                "defaultValue": "Options",
                "displayInUI": true
            },
            {
                "name": "OptionsList",
                "type": "system",
                "dataType": "nvarchar",
                "isRequired": true,
                "maxLength": 100,
                "defaultValue": "Yes/No",
                "displayInUI": true
            },
            {
                "name": "NumberType",
                "type": "system",
                "dataType": "nvarchar",
                "isRequired": true,
                "maxLength": 30,
                "defaultValue": "integer",
                "displayInUI": true
            },
            {
                "name": "NumberMaxValue",
                "type": "system",
                "dataType": "int",
                "isRequired": true,
                "displayInUI": true
            },
            {
                "name": "NumberMinValue",
                "type": "system",
                "dataType": "int",
                "isRequired": true,
                "displayInUI": true
            },
            {
                "name": "LocationSelectionType",
                "type": "system",
                "dataType": "nvarchar",
                "isRequired": true,
                "maxLength": 100,
                "defaultValue": null,
                "displayInUI": true
            },
            {
                "name": "Required",
                "type": "system",
                "dataType": "nvarchar",
                "isRequired": true,
                "maxLength": 100,
                "defaultValue": "true",
                "displayInUI": true
            },
            {
                "name": "DefaultValue",
                "type": "system",
                "dataType": "nvarchar",
                "isRequired": false,
                "maxLength": 100,
                "defaultValue": "true",
                "displayInUI": true
            }
        ],
        "relations": [
            {
                "relationType": "ManyToOne",
                "localProperty": "Category",
                "relationProperty": "CategoryId",
                "destinationEntity": "Category",
                "destinationEntityId": "Id"
            },
            {
                "relationType": "ManyToOne",
                "localProperty": "ViolationType",
                "relationProperty": "RelatedViolationId",
                "destinationEntity": "ViolationType",
                "destinationEntityId": "Id"
            }
        ],
        "indexes": []
    }
}