{
  "table": {
    "name": "ViolationType",
    "primaryKey": "Id",
    "columns": [
      {
        "name": "Name",
        "type": "system",
        "dataType": "nvarchar",
        "isRequired": true,
        "maxLength": 150,
        "foreignKey": null,
        "defaultValue": null,
        "minValue": 0,
        "maxValue": 0,
        "autoIncrement": false,
        "disabled": false,
        "displayInUI": true
      },
      {
        "name": "Status",
        "type": "system",
        "dataType": "nvarchar",
        "isRequired": true,
        "maxLength": 50,
        "foreignKey": null,
        "defaultValue": null,
        "minValue": 0,
        "maxValue": 0,
        "autoIncrement": false,
        "disabled": false,
        "displayInUI": true
      },
      {
        "name": "HasFactor",
        "type": "system",
        "dataType": "boolean",
        "isRequired": true,
        "maxLength": 0,
        "foreignKey": null,
        "defaultValue": null,
        "minValue": 0,
        "maxValue": 0,
        "autoIncrement": false,
        "disabled": false,
        "displayInUI": true
      },
      {
        "name": "FactorName",
        "type": "system",
        "dataType": "nvarchar",
        "isRequired": false,
        "maxLength": 150,
        "foreignKey": null,
        "defaultValue": null,
        "minValue": 0,
        "maxValue": 0,
        "autoIncrement": false,
        "disabled": false,
        "displayInUI": true
      },
      {
        "name": "ReferenceNumberInRegulations",
        "type": "system",
        "dataType": "nvarchar",
        "isRequired": false,
        "maxLength": 100,
        "foreignKey": null,
        "defaultValue": null,
        "minValue": 0,
        "maxValue": 0,
        "autoIncrement": false,
        "disabled": false,
        "displayInUI": true
      }
    ],
    "relations": [{
        "relationType": "OneToMany",
        "localProperty": "ViolationTypeOccurrences",
        "relationProperty": null,
        "destinationEntity": "ViolationTypeOccurrence",
        "destinationEntityId": "Id"
      }
    ],
    "indexes": []
  }
}
