{
  "table": {
    "name": "Facility",
    "primaryKey": null,
    "columns": [
      {
        "name": "Name",
        "type": "system",
        "dataType": "nvarchar",
        "isRequired": true,
        "maxLength": 150,
        "defaultValue": null,
        "autoIncrement": false,
        "displayInUI": false,
        "maxValue": 0,
        "minValue": 0,
        "disabled": false
      },
      {
        "name": "FacilityNameInLicense",
        "type": "system",
        "dataType": "nvarchar",
        "isRequired": true,
        "maxLength": 150,
        "defaultValue": null,
        "autoIncrement": false,
        "displayInUI": false,
        "maxValue": 0,
        "minValue": 0,
        "disabled": false
      },
      {
        "name": "ComputerNumber",
        "type": "system",
        "dataType": "nvarchar",
        "isRequired": false,
        "maxLength": 30,
        "defaultValue": null,
        "autoIncrement": false,
        "displayInUI": false,
        "maxValue": 0,
        "minValue": 0,
        "disabled": false
      },
      {
        "name": "FacilityStatusId",
        "type": "system",
        "dataType": "int",
        "isRequired": true,
        "maxLength": 0,
        "defaultValue": null,
        "autoIncrement": false,
        "displayInUI": false,
        "maxValue": 0,
        "minValue": 0,
        "disabled": false
      },
      {
        "name": "InspectionCenterId",
        "type": "system",
        "dataType": "nvarchar",
        "isRequired": true,
        "maxLength": 50,
        "defaultValue": null,
        "autoIncrement": false,
        "displayInUI": false,
        "maxValue": 0,
        "minValue": 0,
        "disabled": false
      },
      {
        "name": "FacilityArea",
        "type": "system",
        "dataType": "decimal",
        "isRequired": true,
        "maxLength": 0,
        "defaultValue": null,
        "autoIncrement": false,
        "displayInUI": false,
        "maxValue": 0,
        "minValue": 0,
        "disabled": false
      },
      {
        "name": "NumberofEmployee",
        "type": "system",
        "dataType": "int",
        "isRequired": true,
        "maxLength": 0,
        "defaultValue": null,
        "autoIncrement": false,
        "displayInUI": false,
        "maxValue": 0,
        "minValue": 0,
        "disabled": false
      },
      {
        "name": "Longitude",
        "type": "system",
        "dataType": "decimal",
        "isRequired": false,
        "maxLength": 0,
        "defaultValue": null,
        "autoIncrement": false,
        "displayInUI": false,
        "maxValue": 0,
        "minValue": 0,
        "disabled": false
      },
      {
        "name": "Latitude",
        "type": "system",
        "dataType": "decimal",
        "isRequired": false,
        "maxLength": 0,
        "defaultValue": null,
        "autoIncrement": false,
        "displayInUI": false,
        "maxValue": 0,
        "minValue": 0,
        "disabled": false
      },
      {
        "name": "Street",
        "type": "system",
        "dataType": "nvarchar",
        "isRequired": false,
        "maxLength": 150,
        "defaultValue": null,
        "autoIncrement": false,
        "displayInUI": false,
        "maxValue": 0,
        "minValue": 0,
        "disabled": false
      },
      {
        "name": "FacilityNumber",
        "type": "system",
        "dataType": "int",
        "isRequired": false,
        "maxLength": 0,
        "defaultValue": null,
        "autoIncrement": false,
        "displayInUI": false,
        "maxValue": 0,
        "minValue": 0,
        "disabled": false
      },
      {
        "name": "LastInspectionDate",
        "type": "system",
        "dataType": "datetime",
        "isRequired": false,
        "maxLength": 0,
        "defaultValue": null,
        "autoIncrement": false,
        "displayInUI": false,
        "maxValue": 0,
        "minValue": 0,
        "disabled": false
      },
      {
        "name": "Region",
        "type": "system",
        "dataType": "nvarchar",
        "isRequired": false,
        "maxLength": 150,
        "defaultValue": null,
        "autoIncrement": false,
        "displayInUI": false,
        "maxValue": 0,
        "minValue": 0,
        "disabled": false
      },
      {
        "name": "FacilityActivity",
        "type": "system",
        "dataType": "int[]",
        "isRequired": false,
        "maxLength": 0,
        "defaultValue": null,
        "autoIncrement": false,
        "displayInUI": false,
        "maxValue": 0,
        "minValue": 0,
        "disabled": false
      },
      {
        "name": "IsLicensed",
        "type": "system",
        "dataType": "bit",
        "isRequired": true,
        "maxLength": null,
        "defaultValue": null,
        "autoIncrement": false,
        "displayInUI": false,
        "maxValue": null,
        "minValue": null,
        "disabled": false
      },
      {
        "name": "IsBaladiLicense",
        "type": "system",
        "dataType": "bit",
        "isRequired": true,
        "maxLength": null,
        "defaultValue": null,
        "autoIncrement": false,
        "displayInUI": false,
        "maxValue": null,
        "minValue": null,
        "disabled": false
      },
      {
        "name": "BaladiLicenseObj",
        "type": "system",
        "dataType": "nvarchar",
        "isRequired": false,
        "maxLength": null,
        "defaultValue": null,
        "autoIncrement": false,
        "displayInUI": false,
        "maxValue": 0,
        "minValue": 0,
        "disabled": false
      }
    ],
    "relations": [],
    "indexes": []
  }
}