{
  "table": {
    "name": "FacilityPhoto",
    "primary_key": "Id",
    "columns": [
      {
        "name": "FileName",
        "type": "system",
        "data_type": "nvarchar",
        "is_required": true,
        "max_length": 150,
        "foreign_key": null,
        "default_value": null,
        "min_value": 0,
        "max_value": 0,
        "auto_increment": false,
        "disabled": false,
        "display_in_ui": true
      },
      {
        "name": "FilePath",
        "type": "system",
        "data_type": "nvarchar",
        "is_required": true,
        "max_length": null,
        "foreign_key": null,
        "default_value": null,
        "min_value": 0,
        "max_value": 0,
        "auto_increment": false,
        "disabled": false,
        "display_in_ui": true
      },
      {
        "name": "Description",
        "type": "system",
        "data_type": "nvarchar",
        "is_required": true,
        "max_length": null,
        "foreign_key": null,
        "default_value": null,
        "min_value": 0,
        "max_value": 0,
        "auto_increment": false,
        "disabled": false,
        "display_in_ui": true
      }
    ],
    "relations": [],
    "indexes": []
  }
}