{
   "table":{
      "name":"FacilityLicense",
      "primaryKey":"Id",
      "columns":[
         {
            "type":"system",
            "dataType":"int",
            "isRequired":true,
            "maxLength":0,
            "defaultValue":null,
            "autoIncrement":false,
            "displayInUI":true,
            "maxValue":0,
            "minValue":0,
            "disabled":false,
            "name":"FacilityLicenseTypeId"
         },
         {
            "type":"system",
            "dataType":"nvarchar",
            "isRequired":true,
            "maxLength":150,
            "defaultValue":null,
            "autoIncrement":false,
            "displayInUI":true,
            "maxValue":0,
            "minValue":0,
            "disabled":false,
            "name":"LicenseIssuingAuthority"
         },
         {
            "type":"system",
            "dataType":"int",
            "isRequired":true,
            "maxLength":0,
            "defaultValue":null,
            "autoIncrement":false,
            "displayInUI":true,
            "maxValue":0,
            "minValue":0,
            "disabled":false,
            "name":"LicenseNumber"
         },
         {
            "type":"system",
            "dataType":"nvarchar",
            "isRequired":false,
            "maxLength":0,
            "defaultValue":null,
            "autoIncrement":false,
            "displayInUI":true,
            "maxValue":0,
            "minValue":0,
            "disabled":false,
            "name":"LicenseIssueDate"
         },
         {
            "type":"system",
            "dataType":"nvarchar",
            "isRequired":false,
            "maxLength":0,
            "defaultValue":null,
            "autoIncrement":false,
            "displayInUI":true,
            "maxValue":0,
            "minValue":0,
            "disabled":false,
            "name":"LicenseEndDate"
         }
      ],
      "relations":[

      ],
      "indexes":[

      ]
   }
}