{
  "table": {
    "name": "FacilityWorker",
    "primaryKey": "Id",
    "columns": [
      {
        "type": "system",
        "dataType": "nvarchar",
        "isRequired": true,
        "maxLength": 150,
        "defaultValue": null,
        "autoIncrement": false,
        "displayInUI": true,
        "maxValue": 0,
        "minValue": 0,
        "disabled": false,
        "name": "Name"
      },
      {
        "type": "system",
        "dataType": "nvarchar",
        "isRequired": true,
        "maxLength": 50,
        "defaultValue": null,
        "autoIncrement": false,
        "displayInUI": true,
        "maxValue": 0,
        "minValue": 0,
        "disabled": false,
        "name": "IdNumber"
      },
    ],
    "relations": [

    ],
    "indexes": [

    ]
  }
}