{
  "table": {
    "name": "FacilityOwner",
    "primaryKey": "Id",
    "columns": [
      {
        "type": "system",
        "dataType": "nvarchar",
        "isRequired": true,
        "maxLength": 150,
        "defaultValue": null,
        "autoIncrement": false,
        "displayInUI": true,
        "maxValue": 0,
        "minValue": 0,
        "disabled": false,
        "name": "Name"
      },
      {
        "type": "system",
        "dataType": "nvarchar",
        "isRequired": true,
        "maxLength": 14,
        "defaultValue": null,
        "autoIncrement": false,
        "displayInUI": true,
        "maxValue": 0,
        "minValue": 0,
        "disabled": false,
        "name": "MobileNumber"
      },
      {
        "type": "system",
        "dataType": "datetime",
        "isRequired": true,
        "maxLength": 0,
        "defaultValue": null,
        "autoIncrement": false,
        "displayInUI": true,
        "maxValue": 0,
        "minValue": 0,
        "disabled": false,
        "name": "DateOfBirth"
      },
      {
        "type": "system",
        "dataType": "int",
        "isRequired": true,
        "maxLength": 0,
        "defaultValue": null,
        "autoIncrement": false,
        "displayInUI": true,
        "maxValue": 0,
        "minValue": 0,
        "disabled": false,
        "name": "Type"
      },
      {
        "type": "system",
        "dataType": "int",
        "isRequired": true,
        "maxLength": 0,
        "defaultValue": null,
        "autoIncrement": false,
        "displayInUI": true,
        "maxValue": 0,
        "minValue": 0,
        "disabled": false,
        "name": "IdType"
      },
	  {
        "type": "system",
        "dataType": "nvarchar",
        "isRequired": true,
        "maxLength": 50,
        "defaultValue": null,
        "autoIncrement": false,
        "displayInUI": true,
        "maxValue": 0,
        "minValue": 0,
        "disabled": false,
        "name": "IdNumber"
      },
      {
        "type": "system",
        "dataType": "int",
        "isRequired": false,
        "maxLength": 0,
        "defaultValue": null,
        "autoIncrement": false,
        "displayInUI": true,
        "maxValue": 0,
        "minValue": 0,
        "disabled": false,
        "name": "OwnerType"
      },
      {
        "type": "system",
        "dataType": "nvarchar",
        "isRequired": false,
        "maxLength": 15,
        "defaultValue": null,
        "autoIncrement": false,
        "displayInUI": true,
        "maxValue": 0,
        "minValue": 0,
        "disabled": false,
        "name": "CRNumber"
      }
    ],
    "relations": [
      
    ],
    "indexes": [
      
    ]
  }
}