{
  "version": 22,
  "serviceName": "Facility Service",
  "serviceCode": "FacilityService",
  "serviceEndpoint": "",
  "entities": [
    {
      "operation": "Update",
      "code": "Facility",
      "name": "Facility",
      "file": "entities/Facility.json"
    },
    {
      "operation": "Update",
      "code": "FacilityLicense",
      "name": "Facility License",
      "file": "entities/FacilityLicense.json"
    },
    {
      "operation": "Add",
      "code": "FacilityOwner",
      "name": "Facility Owner",
      "file": "entities/FacilityOwner.json"
    },
    {
      "operation": "Add",
      "code": "FacilityPhoto",
      "name": "Facility Photo",
      "file": "entities/FacilityPhoto.json"
    },
    {
      "operation": "Add",
      "code": "WorkTime",
      "name": "Work Time",
      "file": "entities/WorkTime.json"
    },
    {
      "operation": "Add",
      "code": "FacilityStatus",
      "name": "Facility Status",
      "file": "entities/FacilityStatus.json"
    },
    {
      "operation": "Add",
      "code": "FacilityWorker",
      "name": "Facility Worker",
      "file": "entities/FacilityWorker.json"
    }
  ],
  "forms": [
    {
      "operation": "Update",
      "code": "FacilityCreateForm",
      "name": "Facility Create Form",
      "file": "forms/Create.json"
    },
    {
      "operation": "Update",
      "code": "FacilityUpdateForm",
      "name": "Facility Update Form",
      "file": "forms/Edit.json"
    }
  ]
}
