{
  "version": 6,
  "serviceName": "Penalties Service",
  "serviceCode": "PenaltiesService",
  "serviceEndpoint": "",
  "entities": [
    {
      "operation": "Update",
      "code": "InspectionCategory",
      "name": "InspectionCategory",
      "file": "entities/InspectionCategory.json"
    },
    {
      "operation": "Update",
      "code": "InspectionItem",
      "name": "Inspection Item",
      "file": "entities/InspectionItem.json"
    },
    {
      "operation": "Update",
      "code": "ViolationType",
      "name": "Violation Type",
      "file": "entities/ViolationType.json"
    }
  ],
  "forms": [
    {
      "operation": "Update",
      "code": "InspectionItemForm",
      "name": "Inspection Item Form",
      "file": "forms/InspectionItemForm.json"
    },
    {
      "operation": "Update",
      "code": "InspectionCategoryForm",
      "name": "Inspection Category Form",
      "file": "forms/InspectionCategoryForm.json"
    },
    {
      "operation": "Update",
      "code": "ViolationTypeForm",
      "name": "Violation Type Form",
      "file": "forms/ViolationTypeForm.json"
    }
  ],
  "workflows": []
}