{
    "$schema": "http://json-schema.org/draft-07/schema#",
    "type": "object",
    "title": "Activity",
    "properties": {
        "name": {
            "systemType": "system",
            "disabled": false,
            "type": "string",
            "maxLength": 150
        },
        "sensitivity": {
            "systemType": "system",
            "disabled": false,
            "type": "integer",
            "minimum": 1,
            "maximum": 10,
            "exclusiveMinimum": 0
        }
    },
    "required": [
        "name",
        "sensitivity"
    ]
}