{
  "version": 5,
  "serviceName": "Inspection Center Service",
  "serviceCode": "InspectionCenterService",
  "serviceEndpoint": "",
  "entities": [{
      "operation": "Update",
      "code": "InspectionCenter",
      "name": "Inspection Center",
      "file": "entities/InspectionCenter.json"
    },
    {
      "operation": "Update",
      "code": "InspectionCenterCoverage",
      "name": "Inspection Center Coverage",
      "file": "entities/InspectionCenterCoverage.json"
    },
    {
      "operation": "Update",
      "code": "RoleEmails",
      "name": "Role Emails",
      "file": "entities/RoleEmails.json"
    }
  ],
  "forms": [
    {
      "operation": "Update",
      "code": "InspectionCenterCreateForm",
      "name": "Inspection Center Create Form",
      "file": "forms/Create.json"
    }
  ]
}