{
  "table": {
    "name": "Appeal",
    "primaryKey": "Id",
    "columns": [
      {
        "name": "Status",
        "type": "system",
        "dataType": "nvarchar",
        "isRequired": true,
        "maxLength": 50,
        "foreignKey": null,
        "defaultValue": null,
        "minValue": 0,
        "maxValue": 0,
        "autoIncrement": false,
        "disabled": false,
        "displayInUI": true
      },
      {
        "name": "Number",
        "type": "system",
        "dataType": "int",
        "isRequired": true,
        "maxLength": null,
        "foreignKey": null,
        "defaultValue": null,
        "minValue": 0,
        "maxValue": 0,
        "autoIncrement": true,
        "disabled": false,
        "displayInUI": true
      },
      {
        "name": "FacilityId",
        "type": "system",
        "dataType": "guid",
        "isRequired": true,
        "maxLength": null,
        "foreignKey": null,
        "defaultValue": null,
        "minValue": 0,
        "maxValue": 0,
        "autoIncrement": false,
        "disabled": false,
        "displayInUI": true
      },
      {
        "name": "FacilityName",
        "type": "system",
        "dataType": "nvarchar",
        "isRequired": true,
        "maxLength": 150,
        "foreignKey": null,
        "defaultValue": null,
        "minValue": 0,
        "maxValue": 0,
        "autoIncrement": false,
        "disabled": false,
        "displayInUI": true
      },
      {
        "name": "FacilityNumber",
        "type": "system",
        "dataType": "int",
        "isRequired": true,
        "maxLength": null,
        "foreignKey": null,
        "defaultValue": null,
        "minValue": 0,
        "maxValue": 0,
        "autoIncrement": false,
        "disabled": false,
        "displayInUI": true
      },
      {
        "name": "CenterId",
        "type": "system",
        "dataType": "guid",
        "isRequired": true,
        "maxLength": null,
        "foreignKey": null,
        "defaultValue": null,
        "minValue": 0,
        "maxValue": 0,
        "autoIncrement": false,
        "disabled": false,
        "displayInUI": true
      }
    ],
    "relations": [],
    "indexes": []
  }
}
