{
  "table": {
    "name": "AppealItem",
    "primaryKey": "Id",
    "columns": [{
        "name": "Status",
        "type": "system",
        "dataType": "nvarchar",
        "isRequired": true,
        "maxLength": 50,
        "foreignKey": null,
        "defaultValue": null,
        "minValue": 0,
        "maxValue": 0,
        "autoIncrement": false,
        "disabled": false,
        "displayInUI": true
      },
      {
        "name": "AppealId",
        "type": "system",
        "dataType": "guid",
        "isRequired": true,
        "maxLength": null,
        "foreignKey": true,
        "defaultValue": null,
        "minValue": 0,
        "maxValue": 0,
        "autoIncrement": false,
        "disabled": false,
        "displayInUI": true
      },
      {
        "name": "Details",
        "type": "system",
        "dataType": "nvarchar",
        "isRequired": true,
        "maxLength": 2000,
        "foreignKey": null,
        "defaultValue": null,
        "minValue": 0,
        "maxValue": 0,
        "autoIncrement": false,
        "disabled": false,
        "displayInUI": true
      },
      {
        "name": "ReviewComment",
        "type": "system",
        "dataType": "nvarchar",
        "isRequired": true,
        "maxLength": 2000,
        "foreignKey": null,
        "defaultValue": null,
        "minValue": 0,
        "maxValue": 0,
        "autoIncrement": false,
        "disabled": false,
        "displayInUI": true
      },
      {
        "name": "ViolationId",
        "type": "system",
        "dataType": "guid",
        "isRequired": true,
        "maxLength": null,
        "foreignKey": null,
        "defaultValue": null,
        "minValue": 0,
        "maxValue": 0,
        "autoIncrement": false,
        "disabled": false,
        "displayInUI": true
      },
      {
        "name": "ViolationType",
        "type": "system",
        "dataType": "nvarchar",
        "isRequired": true,
        "maxLength": 500,
        "foreignKey": null,
        "defaultValue": null,
        "minValue": 0,
        "maxValue": 0,
        "autoIncrement": false,
        "disabled": false,
        "displayInUI": true
      },
      {
        "name": "ViolationTypeId",
        "type": "system",
        "dataType": "guid",
        "isRequired": true,
        "maxLength": null,
        "foreignKey": null,
        "defaultValue": null,
        "minValue": 0,
        "maxValue": 0,
        "autoIncrement": false,
        "disabled": false,
        "displayInUI": true
      },
      {
        "name": "ViolationNumber",
        "type": "system",
        "dataType": "int",
        "isRequired": true,
        "maxLength": null,
        "foreignKey": null,
        "defaultValue": null,
        "minValue": 0,
        "maxValue": 0,
        "autoIncrement": false,
        "disabled": false,
        "displayInUI": true
      },
      {
        "name": "ViolationValue",
        "type": "system",
        "dataType": "decimal",
        "isRequired": true,
        "maxLength": null,
        "foreignKey": null,
        "defaultValue": null,
        "minValue": 0,
        "maxValue": 0,
        "autoIncrement": false,
        "disabled": false,
        "displayInUI": true
      }
    ],
    "relations": [],
    "indexes": []
  }
}
