{
    "version": 3,
    "serviceName": "Lookup Service",
    "serviceCode": "LookupService",
    "serviceEndpoint": "",
    "entities": [{
            "operation": "Update",
            "code": "Region",
            "name": "Region",
            "file": "entities/Region.json"
        },
        {
            "operation": "Update",
            "code": "City",
            "name": "City",
            "file": "entities/City.json"
        },
        {
            "operation": "Update",
            "code": "District",
            "name": "District",
            "file": "entities/District.json"
        },
        {
            "operation": "Update",
            "code": "Street",
            "name": "Street",
            "file": "entities/Street.json"
        },
        {
            "operation": "Update",
            "code": "Activity",
            "name": "Activity",
            "file": "entities/Activity.json"
        },
        {
            "operation": "Update",
            "code": "Specialization",
            "name": "Specialization",
            "file": "entities/Specialization.json"
        },
        {
            "operation": "Update",
            "code": "ProductCategory",
            "name": "Product Category",
            "file": "entities/ProductCategory.json"
        }
    ],
    "forms": []
}