{
  "table": {
    "name": "Street",
    "primaryKey": "Id",
    "columns": [
      {
        "name": "Name",
        "type": "system",
        "dataType": "nvarchar",
        "isRequired": true,
        "maxLength": 150,
        "foreignKey": null,
        "defaultValue": null,
        "minValue": 0,
        "maxValue": 0,
        "autoIncrement": false,
        "disabled": false,
        "displayInUI": true
      },
      {
        "name": "DistrictId",
        "type": "system",
        "dataType": "int",
        "isRequired": true,
        "maxLength": 0,
        "foreignKey": null,
        "defaultValue": null,
        "minValue": 0,
        "maxValue": 0,
        "autoIncrement": false,
        "disabled": false,
        "displayInUI": true
      }
    ],
    "relations": [],
    "indexes": []
  }
}
