{
    "$schema": "http://json-schema.org/draft-07/schema#",
    "type": "object",
    "title": "Inspection Type",
    "properties": {
        "name": {
            "systemType": "system",
            "disabled": false,
            "type": "string",
            "maxLength": 150
        },
        "description": {
            "systemType": "system",
            "disabled": false,
            "type": "string",
            "maxLength": 500
        }
    },
    "required": [
        "name",
        "description"
    ]
}