{
    "$schema": "http://json-schema.org/draft-07/schema#",
    "type": "object",
    "title": "Inspection Process",
    "properties": {
        "name": {
            "systemType": "system",
            "disabled": false,
            "type": "string",
            "maxLength": 150
        },
        "startDate": {
            "systemType": "system",
            "disabled": false,
            "type": "string",
            "maxLength": 50,
            "pattern": "^([1-9]|(0|1|2)[0-9]|30)(\\/)([1-9]|1[0-2]|0[1-9])(\\/)([0-9]{4})$"
        },
        "endDate": {
            "systemType": "system",
            "disabled": false,
            "type": "string",
            "maxLength": 50,
            "pattern": "^([1-9]|(0|1|2)[0-9]|30)(\\/)([1-9]|1[0-2]|0[1-9])(\\/)([0-9]{4})$"
        },
        "inspectionTypeId": {
            "systemType": "system",
            "disabled": false,
            "type": "integer"
        }
    },
    "required": [
        "name",
        "inspectionTypeId"
    ]
}