{
  "table": {
    "name": "Incidents",
    "primaryKey": "Id",
    "columns": [{
        "name": "Id",
        "type": "system",
        "dataType": "nvarchar",
        "isRequired": true,
        "maxLength": 450,
        "defaultValue": null,
        "autoIncrement": false,
        "displayInUI": false,
        "maxValue": 0,
        "minValue": 0,
        "disabled": false
      },
      {
        "name": "Number",
        "type": "system",
        "dataType": "int",
        "isRequired": false,
        "maxLength": null,
        "defaultValue": null,
        "autoIncrement": false,
        "displayInUI": true,
        "maxValue": 0,
        "minValue": 0,
        "disabled": false
      },
      {
        "name": "ReporterFullName",
        "type": "system",
        "dataType": "nvarchar",
        "isRequired": true,
        "maxLength": 150,
        "defaultValue": null,
        "autoIncrement": false,
        "displayInUI": true,
        "maxValue": 0,
        "minValue": 0,
        "disabled": false
      },
      {
        "name": "ReporterIdNumber",
        "type": "system",
        "dataType": "nvarchar",
        "isRequired": true,
        "maxLength": 20,
        "defaultValue": null,
        "autoIncrement": false,
        "displayInUI": true,
        "maxValue": 0,
        "minValue": 0,
        "disabled": false
      },
      {
        "name": "ReporterMobile",
        "type": "system",
        "dataType": "nvarchar",
        "isRequired": true,
        "maxLength": 20,
        "defaultValue": null,
        "autoIncrement": false,
        "displayInUI": true,
        "maxValue": 0,
        "minValue": 0,
        "disabled": false
      },
      {
        "name": "Details",
        "type": "system",
        "dataType": "nvarchar",
        "isRequired": true,
        "maxLength": 500,
        "defaultValue": null,
        "autoIncrement": false,
        "displayInUI": true,
        "maxValue": 0,
        "minValue": 0,
        "disabled": false
      },
      {
        "name": "SeverityLevel",
        "type": "system",
        "dataType": "int",
        "isRequired": true,
        "maxLength": null,
        "defaultValue": null,
        "autoIncrement": false,
        "displayInUI": true,
        "maxValue": 0,
        "minValue": 0,
        "disabled": false
      },
      {
        "name": "CategoryId",
        "type": "system",
        "dataType": "int",
        "isRequired": false,
        "maxLength": null,
        "defaultValue": null,
        "autoIncrement": false,
        "displayInUI": true,
        "maxValue": 0,
        "minValue": 0,
        "disabled": false
      },
      {
        "name": "CityId",
        "type": "system",
        "dataType": "int",
        "isRequired": false,
        "maxLength": null,
        "defaultValue": null,
        "autoIncrement": false,
        "displayInUI": true,
        "maxValue": 0,
        "minValue": 0,
        "disabled": false
      },
      {
        "name": "DistrictId",
        "type": "system",
        "dataType": "int",
        "isRequired": false,
        "maxLength": null,
        "defaultValue": null,
        "autoIncrement": false,
        "displayInUI": true,
        "maxValue": 0,
        "minValue": 0,
        "disabled": false
      },
      {
        "name": "StreetAddress",
        "type": "system",
        "dataType": "nvarchar",
        "isRequired": true,
        "maxLength": 500,
        "defaultValue": null,
        "autoIncrement": false,
        "displayInUI": true,
        "maxValue": 0,
        "minValue": 0,
        "disabled": false
      },
      {
        "name": "FacilityName",
        "type": "system",
        "dataType": "nvarchar",
        "isRequired": false,
        "maxLength": 100,
        "defaultValue": null,
        "autoIncrement": false,
        "displayInUI": true,
        "maxValue": 0,
        "minValue": 0,
        "disabled": false
      },
      {
        "name": "FacilityId",
        "type": "system",
        "dataType": "nvarchar",
        "isRequired": false,
        "maxLength": 500,
        "defaultValue": null,
        "autoIncrement": false,
        "displayInUI": true,
        "maxValue": 0,
        "minValue": 0,
        "disabled": false
      },
      {
        "name": "Comments",
        "type": "system",
        "dataType": "nvarchar",
        "isRequired": true,
        "maxLength": 500,
        "defaultValue": null,
        "autoIncrement": false,
        "displayInUI": true,
        "maxValue": 0,
        "minValue": 0,
        "disabled": false
      },
      {
        "name": "Status",
        "type": "system",
        "dataType": "nvarchar",
        "isRequired": true,
        "maxLength": 50,
        "defaultValue": null,
        "autoIncrement": false,
        "displayInUI": true,
        "maxValue": 0,
        "minValue": 0,
        "disabled": false
      },
      {
        "name": "IncidentCreationTime",
        "type": "system",
        "dataType": "datetime",
        "isRequired": true,
        "maxLength": 0,
        "defaultValue": null,
        "autoIncrement": false,
        "displayInUI": false,
        "maxValue": 0,
        "minValue": 0,
        "disabled": false
      },
      {
        "name": "RecorededByUserId",
        "type": "system",
        "dataType": "nvarchar",
        "isRequired": false,
        "maxLength": 500,
        "defaultValue": null,
        "autoIncrement": false,
        "displayInUI": false,
        "maxValue": 0,
        "minValue": 0,
        "disabled": false
      },
      {
        "name": "InspectionDate",
        "type": "system",
        "dataType": "datetime",
        "isRequired": true,
        "maxLength": 0,
        "defaultValue": null,
        "autoIncrement": false,
        "displayInUI": true,
        "maxValue": 0,
        "minValue": 0,
        "disabled": false
      },
      {
        "name": "InspectorName",
        "type": "system",
        "dataType": "nvarchar",
        "isRequired": false,
        "maxLength": 150,
        "defaultValue": null,
        "autoIncrement": false,
        "displayInUI": true,
        "maxValue": 0,
        "minValue": 0,
        "disabled": false
      },
      {
        "name": "CityName",
        "type": "system",
        "dataType": "nvarchar",
        "isRequired": false,
        "maxLength": 150,
        "defaultValue": null,
        "autoIncrement": false,
        "displayInUI": true,
        "maxValue": 0,
        "minValue": 0,
        "disabled": false
      },
      {
        "name": "DistrictName",
        "type": "system",
        "dataType": "nvarchar",
        "isRequired": false,
        "maxLength": 150,
        "defaultValue": null,
        "autoIncrement": false,
        "displayInUI": true,
        "maxValue": 0,
        "minValue": 0,
        "disabled": false
      }
    ],
    "relations": [],
    "indexes": []
  }
}