{
  "table": {
    "name": "IncidentsCategory",
    "primaryKey": "Id",
    "columns": [{
      "name": "Name",
      "type": "system",
      "dataType": "nvarchar",
      "isRequired": true,
      "maxLength": 150,
      "foreignKey": null,
      "defaultValue": null,
      "minValue": 0,
      "maxValue": 0,
      "autoIncrement": false,
      "disabled": false,
      "displayInUI": true
    },
	{
      "name": "IsRelatedToInspection",
      "type": "system",
      "dataType": "bit",
      "isRequired": true,
      "maxLength": null,
      "foreignKey": null,
      "defaultValue": "0",
      "minValue": 0,
      "maxValue": 0,
      "autoIncrement": false,
      "disabled": false,
      "displayInUI": true
    }],
    "relations": [],
    "indexes": []
  }
}