{
    "$schema": "http://json-schema.org/draft-07/schema#",
    "type": "object",
    "$id": "InspectionItem",
    "title": "Inspection Item",
    "properties": {
        "id": {
            "systemType": "system",
            "disabled": false,
            "type": "string",
            "maxLength": 36,
            "pattern": "[0-9a-f]{8}-[0-9a-f]{4}-[0-9a-f]{4}-[0-9a-f]{4}-[0-9a-f]{12}"
        },
        "name": {
            "systemType": "system",
            "disabled": false,
            "type": "string",
            "maxLength": 150
        },
        "itemCode": {
            "systemType": "system",
            "disabled": false,
            "type": "string",
            "maxLength": 150
        },
        "isItemDependent": {
            "systemType": "system",
            "disabled": false,
            "type": "boolean"
        },
        "itemDependancyRule": {
            "systemType": "system",
            "disabled": false,
            "type": "string",
            "maxLength": 2000
        },
        "description": {
            "systemType": "system",
            "disabled": false,
            "type": "string",
            "maxLength": 500
        },
        "categoryId": {
            "systemType": "system",
            "disabled": false,
            "type": "integer"
        },
        "requireAttachment": {
            "systemType": "system",
            "disabled": false,
            "type": "string",
            "maxLength": 50
        },
        "requireDetailComments": {
            "systemType": "system",
            "disabled": false,
            "type": "string",
            "maxLength": 50
        },
        "guidelines": {
            "systemType": "system",
            "disabled": false,
            "type": "integer",
            "maxLength": 2000
        },
        "status": {
            "systemType": "system",
            "disabled": false,
            "type": "integer"
        },
        "order": {
            "systemType": "system",
            "disabled": false,
            "type": "integer"
        },
        "relatedViolationId": {
            "systemType": "system",
            "disabled": false,
            "type": "string",
            "pattern": "[0-9a-f]{8}-[0-9a-f]{4}-[0-9a-f]{4}-[0-9a-f]{4}-[0-9a-f]{12}"
        },
        "inspectionItemProcessType": {
            "systemType": "system",
            "disabled": false,
            "type": "array",
            "items": {
                "type": "integer",
                "default": []
            }
        },
        "inspectionItemType": {
            "systemType": "system",
            "disabled": false,
            "type": "string",
            "maxLength": 30
        },
        "optionsList": {
            "systemType": "system",
            "disabled": false,
            "type": "string",
            "maxLength": 100,
            "default": "Yes/No"
        },
        "numberType": {
            "systemType": "system",
            "disabled": false,
            "type": "string",
            "maxLength": 30,
            "default": "integer"
        },
        "numberMaxValue": {
            "systemType": "system",
            "disabled": false,
            "type": "integer"
        },
        "numberMinValue": {
            "systemType": "system",
            "disabled": false,
            "type": "integer"
        },
        "locationSelectionType": {
            "systemType": "system",
            "disabled": false,
            "type": "string",
            "maxLength": 100
        },
        "required": {
            "systemType": "system",
            "disabled": false,
            "type": "string",
            "maxLength": 100
        },
        "defaultValue": {
            "systemType": "system",
            "disabled": false,
            "type": "string",
            "maxLength": 100
        }
    },
    "required": [
        "id",
        "locationSelectionType",
        "name",
        "required",
        "itemCode",
        "defaultValue",
        "isItemDependent",
        "itemDependancyRule",
        "categoryId",
        "requireDetailComments",
        "guidelines",
        "relatedViolationId",
        "inspectionItemProcessType",
        "inspectionItemType",
        "optionsList",
        "numberType",
        "numberMaxValue",
        "numberMinValue"
    ]
}