{
    "$schema": "http://json-schema.org/draft-07/schema#",
    "type": "object",
    "$id": "InspectionCategory",
    "title": "Inspection Category",
    "properties": {
        "id": {
            "systemType": "system",
            "disabled": false,
            "type": "string",
            "maxLength": 36,
            "pattern": "[0-9a-f]{8}-[0-9a-f]{4}-[0-9a-f]{4}-[0-9a-f]{4}-[0-9a-f]{12}"
        },
        "name": {
            "systemType": "system",
            "disabled": false,
            "type": "string",
            "maxLength": 150
        },
        "order": {
            "systemType": "system",
            "disabled": false,
            "type": "integer",
            "maxLength": 500
        }
    },
    "required": [
        "id",
        "name"
    ]
}