{
    "$schema": "http://json-schema.org/draft-07/schema#",
    "type": "object",
    "$id": "ViolationType",
    "title": "Violation Type",
    "properties": {
        "name": {
            "systemType": "system",
            "disabled": false,
            "type": "string",
            "maxLength": 150
        },
        "status": {
            "systemType": "system",
            "disabled": false,
            "type": "string",
            "maxLength": 50
        },
        "hasFactor": {
            "systemType": "system",
            "disabled": false,
            "type": "boolean"
        },
        "factorName": {
            "systemType": "system",
            "disabled": false,
            "type": "string",
            "maxLength": 150
        },
        "referenceNumberInRegulations": {
            "systemType": "system",
            "disabled": false,
            "type": "string",
            "maxLength": 100
        }
    },
    "required": [
        "name",
        "status",
        "hasFactor"
    ]
}