{
  "table": {
    "name": "User",
    "primaryKey": "Id",
    "columns": [{
        "name": "Id",
        "type": "system",
        "dataType": "nvarchar",
        "isRequired": true,
        "maxLength": 450,
        "defaultValue": null,
        "autoIncrement": false,
        "displayInUI": false,
        "maxValue": 0,
        "minValue": 0,
        "disabled": false
      },
      {
        "name": "FullName",
        "type": "system",
        "dataType": "nvarchar",
        "isRequired": true,
        "maxLength": 150,
        "defaultValue": null,
        "autoIncrement": false,
        "displayInUI": true,
        "maxValue": 0,
        "minValue": 0,
        "disabled": false
      },
      {
        "name": "IdType",
        "type": "system",
        "dataType": "int",
        "isRequired": true,
        "maxLength": 0,
        "defaultValue": null,
        "autoIncrement": false,
        "displayInUI": true,
        "maxValue": 0,
        "minValue": 0,
        "disabled": false
      },
      {
        "name": "IdNumber",
        "type": "system",
        "dataType": "nvarchar",
        "isRequired": true,
        "maxLength": 15,
        "defaultValue": null,
        "autoIncrement": false,
        "displayInUI": true,
        "maxValue": 0,
        "minValue": 0,
        "disabled": false
      },
      {
        "name": "Gender",
        "type": "system",
        "dataType": "int",
        "isRequired": false,
        "maxLength": 0,
        "defaultValue": null,
        "autoIncrement": false,
        "displayInUI": true,
        "maxValue": 0,
        "minValue": 0,
        "disabled": false
      },
      {
        "name": "BirthDate",
        "type": "system",
        "dataType": "datetime",
        "isRequired": true,
        "maxLength": 0,
        "defaultValue": null,
        "autoIncrement": false,
        "displayInUI": false,
        "maxValue": 0,
        "minValue": 0,
        "disabled": false
      },
      {
        "name": "Email",
        "type": "system",
        "dataType": "nvarchar",
        "isRequired": true,
        "maxLength": 150,
        "defaultValue": null,
        "autoIncrement": false,
        "displayInUI": true,
        "maxValue": 0,
        "minValue": 0,
        "disabled": false
      },
      {
        "name": "MobileNumber",
        "type": "system",
        "dataType": "nvarchar",
        "isRequired": true,
        "maxLength": 15,
        "defaultValue": null,
        "autoIncrement": false,
        "displayInUI": true,
        "maxValue": 0,
        "minValue": 0,
        "disabled": false
      },
      {
        "name": "JobTitle",
        "type": "system",
        "dataType": "nvarchar",
        "isRequired": true,
        "maxLength": 150,
        "defaultValue": null,
        "autoIncrement": false,
        "displayInUI": true,
        "maxValue": 0,
        "minValue": 0,
        "disabled": false
      },
      {
        "name": "Status",
        "type": "system",
        "dataType": "int",
        "isRequired": true,
        "maxLength": 0,
        "defaultValue": null,
        "autoIncrement": false,
        "displayInUI": true,
        "maxValue": 0,
        "minValue": 0,
        "disabled": false
      },
      {
        "name": "InspectionCenterId",
        "type": "system",
        "dataType": "int",
        "isRequired": true,
        "maxLength": 0,
        "defaultValue": null,
        "autoIncrement": false,
        "displayInUI": true,
        "maxValue": 0,
        "minValue": 0,
        "disabled": false
      },
      {
        "name": "RoleLevel",
        "type": "system",
        "dataType": "int",
        "isRequired": true,
        "maxLength": 0,
        "defaultValue": null,
        "autoIncrement": false,
        "displayInUI": true,
        "maxValue": 0,
        "minValue": 0,
        "disabled": false
      },
      {
        "name": "InspectorCapacity",
        "type": "system",
        "dataType": "int",
        "isRequired": false,
        "maxLength": 0,
        "defaultValue": null,
        "autoIncrement": false,
        "displayInUI": true,
        "maxValue": 0,
        "minValue": 0,
        "disabled": false
      },
      {
        "name": "UserSpecialization",
        "type": "system",
        "dataType": "int[]",
        "isRequired": false,
        "maxLength": 30,
        "defaultValue": null,
        "autoIncrement": false,
        "displayInUI": true,
        "maxValue": 0,
        "minValue": 0,
        "disabled": false
      }

    ],
    "relations": [],
    "indexes": []
  }
}